Date,Stock,Close,Volume
2019-01-02,AAPL,155.2140045,37039700
2019-01-03,AAPL,139.75354,91312200
2019-01-04,AAPL,145.7195129,58607100
2019-01-07,AAPL,145.3952026,54777800
2019-01-08,AAPL,148.1668701,41025300
2019-01-09,AAPL,150.6829834,45099100
2019-01-10,AAPL,151.1646271,35780700
2019-01-11,AAPL,149.6804657,27023200
2019-01-14,AAPL,147.429718,32439200
2019-01-15,AAPL,150.4471283,28710900
2019-01-16,AAPL,152.28508,30569700
2019-01-17,AAPL,153.1893005,29821200
2019-01-18,AAPL,154.1328583,33751000
2019-01-22,AAPL,150.673172,30394000
2019-01-23,AAPL,151.282547,23130600
2019-01-24,AAPL,150.0834351,25441500
2019-01-25,AAPL,155.0567474,33535500
2019-01-28,AAPL,153.6217651,26192100
2019-01-29,AAPL,152.0295105,41587200
2019-01-30,AAPL,162.4184113,61109800
2019-01-31,AAPL,163.5879974,40739600
2019-02-01,AAPL,163.6666412,32668100
2019-02-04,AAPL,168.3155823,31495500
2019-02-05,AAPL,171.1953888,36101600
2019-02-06,AAPL,171.254364,28239600
2019-02-07,AAPL,168.01091,31741700
2019-02-08,AAPL,168.2083282,23820000
2019-02-11,AAPL,167.2409668,20993400
2019-02-12,AAPL,168.6821136,22283500
2019-02-13,AAPL,167.9812775,22490200
2019-02-14,AAPL,168.5932922,21835700
2019-02-15,AAPL,168.2182007,24626800
2019-02-19,AAPL,168.7215881,18972800
2019-02-20,AAPL,169.8073883,26114400
2019-02-21,AAPL,168.8499298,17249700
2019-02-22,AAPL,170.7352295,18913200
2019-02-25,AAPL,171.9789581,21873400
2019-02-26,AAPL,172.0776672,17070200
2019-02-27,AAPL,172.6106873,27835400
2019-02-28,AAPL,170.9129181,28215400
2019-03-01,AAPL,172.7093811,25886200
2019-03-04,AAPL,173.5780334,27436200
2019-03-05,AAPL,173.2621613,19737400
2019-03-06,AAPL,172.2652283,20810400
2019-03-07,AAPL,170.2713165,24796400
2019-03-08,AAPL,170.6760254,23999400
2019-03-11,AAPL,176.5886078,32011000
2019-03-12,AAPL,178.5726624,32467600
2019-03-13,AAPL,179.3623199,31032500
2019-03-14,AAPL,181.3562164,23579500
2019-03-15,AAPL,183.715332,39042900
2019-03-18,AAPL,185.5908051,26219800
2019-03-19,AAPL,184.1200562,31646400
2019-03-20,AAPL,185.7289886,31035200
2019-03-21,AAPL,192.5694275,51034200
2019-03-22,AAPL,188.5816498,42407700
2019-03-25,AAPL,186.3014832,43845300
2019-03-26,AAPL,184.3766785,49800500
2019-03-27,AAPL,186.0349731,29848400
2019-03-28,AAPL,186.2817383,20780400
2019-03-29,AAPL,187.4958649,23564000
2019-04-01,AAPL,188.7692108,27862000
2019-04-02,AAPL,191.5132904,22765700
2019-04-03,AAPL,192.8261108,23271800
2019-04-04,AAPL,193.1616821,19114300
2019-04-05,AAPL,194.4547577,18526600
2019-04-08,AAPL,197.5147095,25881700
2019-04-09,AAPL,196.9224701,35768200
2019-04-10,AAPL,198.0279846,21695300
2019-04-11,AAPL,196.3795776,20900800
2019-04-12,AAPL,196.3006134,27760700
2019-04-15,AAPL,196.6559601,17536600
2019-04-16,AAPL,196.675705,25696400
2019-04-17,AAPL,200.5055847,28906800
2019-04-18,AAPL,201.2261505,24195800
2019-04-22,AAPL,201.8874969,19439500
2019-04-23,AAPL,204.7993622,23323000
2019-04-24,AAPL,204.4835052,17540600
2019-04-25,AAPL,202.6278076,18543200
2019-04-26,AAPL,201.6604614,18649100
2019-04-29,AAPL,201.9664612,22204700
2019-04-30,AAPL,198.0773621,46534900
2019-05-01,AAPL,207.8001099,64827300
2019-05-02,AAPL,206.4477997,31996300
2019-05-03,AAPL,209.0142212,20892400
2019-05-06,AAPL,205.7864685,32443100
2019-05-07,AAPL,200.2390747,38763700
2019-05-08,AAPL,200.2785339,26339500
2019-05-09,AAPL,198.126709,34908600
2019-05-10,AAPL,195.3819733,41208700
2019-05-13,AAPL,184.0264893,57430600
2019-05-14,AAPL,186.9396667,36529700
2019-05-15,AAPL,189.1790619,26544700
2019-05-16,AAPL,188.3467255,33031400
2019-05-17,AAPL,187.2765808,32879100
2019-05-20,AAPL,181.4204712,38612300
2019-05-21,AAPL,184.898468,28364800
2019-05-22,AAPL,181.1132813,29748600
2019-05-23,AAPL,178.0217438,36529700
2019-05-24,AAPL,177.3380432,23714700
2019-05-28,AAPL,176.6047821,27948200
2019-05-29,AAPL,175.7625275,28481200
2019-05-30,AAPL,176.6741486,21218400
2019-05-31,AAPL,173.4736023,27043600
2019-06-03,AAPL,171.7197266,40396100
2019-06-04,AAPL,178.0019226,30968000
2019-06-05,AAPL,180.8754578,29773400
2019-06-06,AAPL,183.5310364,22526300
2019-06-07,AAPL,188.4160767,30684400
2019-06-10,AAPL,190.8239288,26220900
2019-06-11,AAPL,193.0335846,26932900
2019-06-12,AAPL,192.4192505,18221800
2019-06-13,AAPL,192.3795929,21674600
2019-06-14,AAPL,190.9824677,18761500
2019-06-17,AAPL,192.1219788,14669100
2019-06-18,AAPL,196.6403961,26551000
2019-06-19,AAPL,196.0656891,21124200
2019-06-20,AAPL,197.6411896,21514000
2019-06-21,AAPL,196.9673767,47800600
2019-06-24,AAPL,196.7692108,18220400
2019-06-25,AAPL,193.7866669,21070300
2019-06-26,AAPL,197.9780884,26067500
2019-06-27,AAPL,197.9186401,20899700
2019-06-28,AAPL,196.1152191,31110600
2019-07-01,AAPL,199.7121429,27316700
2019-07-02,AAPL,200.8813629,16935200
2019-07-03,AAPL,202.546051,11362000
2019-07-05,AAPL,202.3676758,17265500
2019-07-08,AAPL,198.1960754,25338600
2019-07-09,AAPL,199.4049683,20578000
2019-07-10,AAPL,201.3768158,17897100
2019-07-11,AAPL,199.9103088,20191800
2019-07-12,AAPL,201.4461823,17595200
2019-07-15,AAPL,203.3387604,16947400
2019-07-16,AAPL,202.6352234,16866800
2019-07-17,AAPL,201.4957123,14107500
2019-07-18,AAPL,203.7846527,18582200
2019-07-19,AAPL,200.7426453,20929300
2019-07-22,AAPL,205.3304291,22277900
2019-07-23,AAPL,206.9356384,18355200
2019-07-24,AAPL,206.7672119,14991600
2019-07-25,AAPL,205.1322632,13909600
2019-07-26,AAPL,205.8456879,17618900
2019-07-29,AAPL,207.7679901,21673400
2019-07-30,AAPL,206.8761902,33935700
2019-07-31,AAPL,211.0973663,69281400
2019-08-01,AAPL,206.5293732,54017900
2019-08-02,AAPL,202.1596069,40862100
2019-08-05,AAPL,191.5769806,52393000
2019-08-06,AAPL,195.2036133,35824800
2019-08-07,AAPL,197.2250061,33364400
2019-08-08,AAPL,201.5749817,27009500
2019-08-09,AAPL,199.9139252,24619700
2019-08-12,AAPL,199.4066467,22474900
2019-08-13,AAPL,207.8512115,47218500
2019-08-14,AAPL,201.664505,36547400
2019-08-15,AAPL,200.6599121,27227400
2019-08-16,AAPL,205.3944244,27620400
2019-08-19,AAPL,209.2238159,24413600
2019-08-20,AAPL,209.2337646,26884300
2019-08-21,AAPL,211.5015564,21535400
2019-08-22,AAPL,211.322525,22253700
2019-08-23,AAPL,201.5550995,46818000
2019-08-26,AAPL,205.3844757,26043600
2019-08-27,AAPL,203.0669556,25873300
2019-08-28,AAPL,204.4296265,15938800
2019-08-29,AAPL,207.890976,20990500
2019-08-30,AAPL,207.6224365,21143400
2019-09-03,AAPL,204.5986938,20023000
2019-09-04,AAPL,208.0700378,19188100
2019-09-05,AAPL,212.1381226,23913700
2019-09-06,AAPL,212.1182251,19362300
2019-09-09,AAPL,213.0233612,27309400
2019-09-10,AAPL,215.5398102,31777900
2019-09-11,AAPL,222.3929291,44289600
2019-09-12,AAPL,221.8955994,32226700
2019-09-13,AAPL,217.5788422,39763300
2019-09-16,AAPL,218.7226868,21158100
2019-09-17,AAPL,219.5184021,18318700
2019-09-18,AAPL,221.5773315,25340000
2019-09-19,AAPL,219.7770233,22060600
2019-09-20,AAPL,216.5642853,55413100
2019-09-23,AAPL,217.548996,19165500
2019-09-24,AAPL,216.5145569,31190800
2019-09-25,AAPL,219.8466339,21903400
2019-09-26,AAPL,218.712738,18833500
2019-09-27,AAPL,217.6484833,25352000
2019-09-30,AAPL,222.7708893,25977400
2019-10-01,AAPL,223.3875732,34805800
2019-10-02,AAPL,217.7877197,34612300
2019-10-03,AAPL,219.6377563,28606500
2019-10-04,AAPL,225.7946167,34619700
2019-10-07,AAPL,225.8443451,30576500
2019-10-08,AAPL,223.1985931,27955000
2019-10-09,AAPL,225.8145142,18692600
2019-10-10,AAPL,228.8581238,28253400
2019-10-11,AAPL,234.9453583,41698900
2019-10-14,AAPL,234.6071777,24106900
2019-10-15,AAPL,234.0601349,21840000
2019-10-16,AAPL,233.1152039,18475800
2019-10-17,AAPL,234.02034,16896300
2019-10-18,AAPL,235.1443024,24358400
2019-10-21,AAPL,239.2223358,21811800
2019-10-22,AAPL,238.675293,20573400
2019-10-23,AAPL,241.8780365,18957200
2019-10-24,AAPL,242.2758942,17318800
2019-10-25,AAPL,245.2598419,18369300
2019-10-28,AAPL,247.7166138,24143200
2019-10-29,AAPL,241.987442,35709900
2019-10-30,AAPL,241.9576111,31130500
2019-10-31,AAPL,247.4281616,34790500
2019-11-01,AAPL,254.4503784,37781300
2019-11-04,AAPL,256.1213684,25818000
2019-11-05,AAPL,255.7533722,19974400
2019-11-06,AAPL,255.8627625,18966100
2019-11-07,AAPL,258.8157349,23735100
2019-11-08,AAPL,259.5240784,17496600
2019-11-11,AAPL,261.5791931,20455300
2019-11-12,AAPL,261.3397522,21847200
2019-11-13,AAPL,263.843811,25683600
2019-11-14,AAPL,262.018158,22295700
2019-11-15,AAPL,265.1307678,25051600
2019-11-18,AAPL,266.4675903,21675800
2019-11-19,AAPL,265.6595154,19041800
2019-11-20,AAPL,262.566864,26558600
2019-11-21,AAPL,261.3896484,30348800
2019-11-22,AAPL,261.1601868,16331300
2019-11-25,AAPL,265.7393188,21005100
2019-11-26,AAPL,263.6642456,26301900
2019-11-27,AAPL,267.2058411,16308900
2019-11-29,AAPL,266.6172485,11654400
2019-12-02,AAPL,263.5345459,23621800
2019-12-03,AAPL,258.8357239,28607600
2019-12-04,AAPL,261.1202698,16795400
2019-12-05,AAPL,264.9511719,18606100
2019-12-06,AAPL,270.0690308,26518900
2019-12-09,AAPL,266.2880249,32010600
2019-12-10,AAPL,267.8443298,22605100
2019-12-11,AAPL,270.1289063,19689200
2019-12-12,AAPL,270.8172607,34327600
2019-12-13,AAPL,274.4985352,33396900
2019-12-16,AAPL,279.1973572,32046500
2019-12-17,AAPL,279.7460938,28539600
2019-12-18,AAPL,279.0776672,29007100
2019-12-19,AAPL,279.3569946,24592300
2019-12-20,AAPL,278.7783813,68994500
2019-12-23,AAPL,283.3275757,24643000
2019-12-24,AAPL,283.5969238,12119700
2019-12-26,AAPL,289.2236023,23280300
2019-12-27,AAPL,289.1138306,36566500
2019-12-30,AAPL,290.8297729,36028600
2019-12-31,AAPL,292.9547119,25201400
2019-01-02,IBM,108.8009872,4239900
2019-01-03,IBM,106.6289368,4346700
2019-01-04,IBM,110.7936172,4477800
2019-01-07,IBM,111.577446,3751200
2019-01-08,IBM,113.1639786,4763600
2019-01-09,IBM,113.9761505,3633700
2019-01-10,IBM,115.0149536,3910000
2019-01-11,IBM,114.7033157,3722400
2019-01-14,IBM,113.6928406,5228700
2019-01-15,IBM,114.9582977,3507500
2019-01-16,IBM,114.8544159,3841100
2019-01-17,IBM,115.3927078,5029900
2019-01-18,IBM,116.9320297,6008500
2019-01-22,IBM,115.7043381,10052400
2019-01-23,IBM,125.497467,22063700
2019-01-24,IBM,125.1575012,6322900
2019-01-25,IBM,126.517395,5707400
2019-01-28,IBM,126.8007202,5357700
2019-01-29,IBM,126.8573685,5037100
2019-01-30,IBM,126.9045868,4500900
2019-01-31,IBM,126.9423599,4884000
2019-02-01,IBM,126.6401672,3806000
2019-02-04,IBM,127.6695099,3966600
2019-02-05,IBM,128.0095062,5398900
2019-02-06,IBM,128.7366791,4879700
2019-02-07,IBM,127.2462921,4379400
2019-02-08,IBM,127.7430954,3249800
2019-02-11,IBM,128.0105896,3095100
2019-02-12,IBM,129.9786682,3317200
2019-02-13,IBM,131.3830719,4253000
2019-02-14,IBM,130.3894653,2789400
2019-02-15,IBM,131.8703003,3844100
2019-02-19,IBM,132.5103912,3385700
2019-02-20,IBM,131.8416443,3802000
2019-02-21,IBM,131.688797,2937300
2019-02-22,IBM,133.0358582,3113700
2019-02-25,IBM,133.2364807,3194200
2019-02-26,IBM,133.4848785,3060400
2019-02-27,IBM,132.9594269,2530900
2019-02-28,IBM,131.9658508,3457800
2019-03-01,IBM,132.9880676,3030000
2019-03-04,IBM,132.2524414,3406900
2019-03-05,IBM,131.7269897,4250300
2019-03-06,IBM,130.8671417,2768300
2019-03-07,IBM,129.319458,4358800
2019-03-08,IBM,129.0614929,3773600
2019-03-11,IBM,131.5645905,3939300
2019-03-12,IBM,132.1091309,3954700
2019-03-13,IBM,132.3766327,3173200
2019-03-14,IBM,132.5963745,2738600
2019-03-15,IBM,133.2078247,7153700
2019-03-18,IBM,133.9530182,3268500
2019-03-19,IBM,134.2205353,3482300
2019-03-20,IBM,133.3702393,3649500
2019-03-21,IBM,135.1281281,3605400
2019-03-22,IBM,133.2269287,3877200
2019-03-25,IBM,132.9689789,2839800
2019-03-26,IBM,133.9625702,2553700
2019-03-27,IBM,133.0263062,3098200
2019-03-28,IBM,133.6759644,2663900
2019-03-29,IBM,134.8033142,3101400
2019-04-01,IBM,136.9051361,3984300
2019-04-02,IBM,136.618515,2404800
2019-04-03,IBM,137.2203827,2681200
2019-04-04,IBM,136.4083252,2771100
2019-04-05,IBM,136.8860168,2731800
2019-04-08,IBM,136.9911041,2118200
2019-04-09,IBM,135.768219,3038500
2019-04-10,IBM,136.637619,2678000
2019-04-11,IBM,137.3636932,2942000
2019-04-12,IBM,137.9082642,2898900
2019-04-15,IBM,137.4783478,3603200
2019-04-16,IBM,138.6630249,6301700
2019-04-17,IBM,132.9021149,12525700
2019-04-18,IBM,134.0676575,4960000
2019-04-22,IBM,132.691925,4494000
2019-04-23,IBM,134.1727448,4462200
2019-04-24,IBM,133.7046051,2774900
2019-04-25,IBM,132.4435272,2910100
2019-04-26,IBM,133.2173767,2319800
2019-04-29,IBM,132.8447876,2958300
2019-04-30,IBM,134.0103455,4638800
2019-05-01,IBM,134.287384,3053700
2019-05-02,IBM,133.3606873,3541400
2019-05-03,IBM,133.9912415,2579900
2019-05-06,IBM,134.1154327,2793300
2019-05-07,IBM,131.4977112,4726800
2019-05-08,IBM,131.8416443,3818900
2019-05-09,IBM,130.8362427,4192700
2019-05-10,IBM,130.816925,3977600
2019-05-13,IBM,127.0466919,4958000
2019-05-14,IBM,128.8737946,3280400
2019-05-15,IBM,129.9275208,2551000
2019-05-16,IBM,131.3582764,3017300
2019-05-17,IBM,129.8502045,2619100
2019-05-20,IBM,130.6235657,3264500
2019-05-21,IBM,131.9093018,2503500
2019-05-22,IBM,131.8126526,1849800
2019-05-23,IBM,127.9844055,5343400
2019-05-24,IBM,127.878067,2596100
2019-05-28,IBM,126.1186523,4908800
2019-05-29,IBM,125.3742676,3679000
2019-05-30,IBM,125.258255,2741900
2019-05-31,IBM,122.7641068,3539300
2019-06-03,IBM,124.0015182,4266900
2019-06-04,IBM,128.2744446,3913500
2019-06-05,IBM,127.1143799,3161300
2019-06-06,IBM,127.8200684,2298200
2019-06-07,IBM,128.8737946,2553400
2019-06-10,IBM,130.2562103,2911300
2019-06-11,IBM,131.4259491,3407300
2019-06-12,IBM,130.3818817,2254700
2019-06-13,IBM,131.2422638,2955300
2019-06-14,IBM,130.6525726,2193300
2019-06-17,IBM,130.4592285,2194100
2019-06-18,IBM,131.8416443,2914700
2019-06-19,IBM,132.5183411,2382400
2019-06-20,IBM,134.2294464,3071000
2019-06-21,IBM,134.5677795,5288700
2019-06-24,IBM,134.7128143,2186000
2019-06-25,IBM,133.7557373,2801200
2019-06-26,IBM,133.9104309,2284600
2019-06-27,IBM,133.9104309,2149800
2019-06-28,IBM,133.3110504,6153900
2019-07-01,IBM,135.225174,3377700
2019-07-02,IBM,135.5538483,2409700
2019-07-03,IBM,136.8299255,1930400
2019-07-05,IBM,136.6752625,2134700
2019-07-08,IBM,135.8922119,2395300
2019-07-09,IBM,134.6934662,3365200
2019-07-10,IBM,135.7955322,2513900
2019-07-11,IBM,136.5399323,2132900
2019-07-12,IBM,137.9900055,2786200
2019-07-15,IBM,138.550705,2368300
2019-07-16,IBM,138.7537079,3474700
2019-07-17,IBM,138.309021,6064300
2019-07-18,IBM,144.6507111,12695400
2019-07-19,IBM,144.6990356,7290700
2019-07-22,IBM,144.7570496,4092600
2019-07-23,IBM,145.3757782,3742200
2019-07-24,IBM,145.0373993,2952400
2019-07-25,IBM,145.3854218,3102100
2019-07-26,IBM,146.3231506,2904300
2019-07-29,IBM,145.8591156,2075500
2019-07-30,IBM,144.7860565,2632700
2019-07-31,IBM,143.3069763,3722900
2019-08-01,IBM,145.317749,6344000
2019-08-02,IBM,142.3499146,8101700
2019-08-05,IBM,136.075882,7114900
2019-08-06,IBM,136.046875,5070700
2019-08-07,IBM,134.4807892,5931900
2019-08-08,IBM,137.0336761,5261100
2019-08-09,IBM,133.1505585,5244600
2019-08-12,IBM,131.1845398,3895600
2019-08-13,IBM,132.8179932,4522100
2019-08-14,IBM,128.3773651,5114200
2019-08-15,IBM,129.0326996,3738900
2019-08-16,IBM,130.8324127,3012000
2019-08-19,IBM,132.0844116,3165100
2019-08-20,IBM,130.0890503,3018600
2019-08-21,IBM,131.3116913,2805700
2019-08-22,IBM,131.380188,2694900
2019-08-23,IBM,126.7341309,4818400
2019-08-26,IBM,127.1449432,2833900
2019-08-27,IBM,128.2991028,4728000
2019-08-28,IBM,129.8543091,2713600
2019-08-29,IBM,131.9279175,2971800
2019-08-30,IBM,132.5636902,2960600
2019-09-03,IBM,131.1649933,2827900
2019-09-04,IBM,133.3364105,2247900
2019-09-05,IBM,137.884613,5011600
2019-09-06,IBM,137.4933777,2576800
2019-09-09,IBM,139.4789429,4226600
2019-09-10,IBM,141.8753204,4979700
2019-09-11,IBM,140.4570618,3869700
2019-09-12,IBM,140.4766235,2505400
2019-09-13,IBM,140.525528,2206600
2019-09-16,IBM,139.3615723,1928500
2019-09-17,IBM,139.0876923,2933200
2019-09-18,IBM,139.1072693,1983600
2019-09-19,IBM,139.8408508,3089900
2019-09-20,IBM,138.774704,5193400
2019-09-23,IBM,138.960556,1817900
2019-09-24,IBM,138.579071,3231600
2019-09-25,IBM,140.0266876,2526700
2019-09-26,IBM,140.4081573,2309800
2019-09-27,IBM,140.10495,2356800
2019-09-30,IBM,142.2372284,3988400
2019-10-01,IBM,140.5157471,2960800
2019-10-02,IBM,138.5888519,3340800
2019-10-03,IBM,138.9116516,2928800
2019-10-04,IBM,139.8604126,2413600
2019-10-07,IBM,138.1878357,2426500
2019-10-08,IBM,135.3513184,3225400
2019-10-09,IBM,136.6130829,2620800
2019-10-10,IBM,138.0411224,2593700
2019-10-11,IBM,139.635437,2996800
2019-10-14,IBM,138.9311981,2309500
2019-10-15,IBM,139.8701935,3025500
2019-10-16,IBM,138.9996643,5332600
2019-10-17,IBM,131.3214874,15759800
2019-10-18,IBM,131.1552124,7177500
2019-10-21,IBM,129.6782532,6306100
2019-10-22,IBM,131.0280609,4161600
2019-10-23,IBM,131.438858,3610900
2019-10-24,IBM,131.1356506,2598500
2019-10-25,IBM,132.4756622,2579100
2019-10-28,IBM,132.9940491,3225700
2019-10-29,IBM,130.8911133,4160700
2019-10-30,IBM,132.2898102,2252700
2019-10-31,IBM,130.8030853,3412100
2019-11-01,IBM,132.5636902,3089800
2019-11-04,IBM,134.6568451,3335400
2019-11-05,IBM,134.8720398,3015000
2019-11-06,IBM,135.7425537,4477300
2019-11-07,IBM,136.2670746,4073800
2019-11-08,IBM,136.1878967,2278400
2019-11-11,IBM,134.0700226,2568000
2019-11-12,IBM,134.1887817,3046500
2019-11-13,IBM,133.0902405,2918400
2019-11-14,IBM,132.6152039,4231300
2019-11-15,IBM,133.0110779,3262500
2019-11-18,IBM,132.9219971,3210400
2019-11-19,IBM,133.129837,2995000
2019-11-20,IBM,131.8234711,4138200
2019-11-21,IBM,132.4568634,3345300
2019-11-22,IBM,132.9516907,3297500
2019-11-25,IBM,134.5648499,2590100
2019-11-26,IBM,133.6939392,3793200
2019-11-27,IBM,132.3875885,3280900
2019-11-29,IBM,133.0605621,1825300
2019-12-02,IBM,131.5364838,3067100
2019-12-03,IBM,130.7546387,3642500
2019-12-04,IBM,130.6259918,3530000
2019-12-05,IBM,130.546814,3595400
2019-12-06,IBM,131.843277,3437500
2019-12-09,IBM,132.5360413,2968500
2019-12-10,IBM,132.5261383,3480400
2019-12-11,IBM,132.3776855,3953300
2019-12-12,IBM,133.9215698,4824100
2019-12-13,IBM,132.8230438,2535000
2019-12-16,IBM,132.743866,3049200
2019-12-17,IBM,132.8329315,2907200
2019-12-18,IBM,133.0209808,3101800
2019-12-19,IBM,133.1694183,3866500
2019-12-20,IBM,134.1887817,7111800
2019-12-23,IBM,134.1492004,2803200
2019-12-24,IBM,133.585083,1202100
2019-12-26,IBM,133.5158081,2129700
2019-12-27,IBM,133.8720856,2752200
2019-12-30,IBM,131.4375,4118900
2019-12-31,IBM,132.6547852,3777500
2019-01-02,AMZN,1539.130005,7983100
2019-01-03,AMZN,1500.280029,6975600
2019-01-04,AMZN,1575.390015,9182600
2019-01-07,AMZN,1629.51001,7993200
2019-01-08,AMZN,1656.579956,8881400
2019-01-09,AMZN,1659.420044,6348800
2019-01-10,AMZN,1656.219971,6507700
2019-01-11,AMZN,1640.560059,4686200
2019-01-14,AMZN,1617.209961,6005900
2019-01-15,AMZN,1674.560059,5998500
2019-01-16,AMZN,1683.780029,6366900
2019-01-17,AMZN,1693.219971,4208900
2019-01-18,AMZN,1696.199951,6020500
2019-01-22,AMZN,1632.170044,6416800
2019-01-23,AMZN,1640.02002,5225200
2019-01-24,AMZN,1654.930054,4089900
2019-01-25,AMZN,1670.569946,4945900
2019-01-28,AMZN,1637.890015,4837700
2019-01-29,AMZN,1593.880005,4632800
2019-01-30,AMZN,1670.430054,5783800
2019-01-31,AMZN,1718.72998,10910300
2019-02-01,AMZN,1626.22998,11506200
2019-02-04,AMZN,1633.310059,4929100
2019-02-05,AMZN,1658.810059,4453100
2019-02-06,AMZN,1640.26001,3939900
2019-02-07,AMZN,1614.369995,4626600
2019-02-08,AMZN,1588.219971,5657500
2019-02-11,AMZN,1591,3317300
2019-02-12,AMZN,1638.01001,4858600
2019-02-13,AMZN,1640,3560300
2019-02-14,AMZN,1622.650024,4120500
2019-02-15,AMZN,1607.949951,4343900
2019-02-19,AMZN,1627.579956,3681700
2019-02-20,AMZN,1622.099976,3337600
2019-02-21,AMZN,1619.439941,3483400
2019-02-22,AMZN,1631.560059,3096200
2019-02-25,AMZN,1633,3184500
2019-02-26,AMZN,1636.400024,2665800
2019-02-27,AMZN,1641.089966,3148800
2019-02-28,AMZN,1639.829956,3025900
2019-03-01,AMZN,1671.72998,4974900
2019-03-04,AMZN,1696.170044,6167400
2019-03-05,AMZN,1692.430054,3681500
2019-03-06,AMZN,1668.949951,3996000
2019-03-07,AMZN,1625.949951,4957000
2019-03-08,AMZN,1620.800049,4667000
2019-03-11,AMZN,1670.619995,3876400
2019-03-12,AMZN,1673.099976,3614500
2019-03-13,AMZN,1690.810059,3552000
2019-03-14,AMZN,1686.219971,2946600
2019-03-15,AMZN,1712.359985,7550900
2019-03-18,AMZN,1742.150024,5429100
2019-03-19,AMZN,1761.849976,6364200
2019-03-20,AMZN,1797.27002,6265600
2019-03-21,AMZN,1819.26001,5767800
2019-03-22,AMZN,1764.77002,6363000
2019-03-25,AMZN,1774.26001,5103800
2019-03-26,AMZN,1783.76001,4865900
2019-03-27,AMZN,1765.699951,4324800
2019-03-28,AMZN,1773.420044,3043000
2019-03-29,AMZN,1780.75,3320800
2019-04-01,AMZN,1814.189941,4238800
2019-04-02,AMZN,1813.97998,3448100
2019-04-03,AMZN,1820.699951,3980600
2019-04-04,AMZN,1818.859985,3623900
2019-04-05,AMZN,1837.280029,3640500
2019-04-08,AMZN,1849.859985,3752800
2019-04-09,AMZN,1835.839966,3714400
2019-04-10,AMZN,1847.329956,2964000
2019-04-11,AMZN,1844.069946,2654800
2019-04-12,AMZN,1843.060059,3114400
2019-04-15,AMZN,1844.869995,3724400
2019-04-16,AMZN,1863.040039,3044600
2019-04-17,AMZN,1864.819946,2893500
2019-04-18,AMZN,1861.689941,2749900
2019-04-22,AMZN,1887.310059,3373800
2019-04-23,AMZN,1923.77002,4640400
2019-04-24,AMZN,1901.75,3675800
2019-04-25,AMZN,1902.25,6099100
2019-04-26,AMZN,1950.630005,8432600
2019-04-29,AMZN,1938.430054,4021300
2019-04-30,AMZN,1926.52002,3506000
2019-05-01,AMZN,1911.52002,3117000
2019-05-02,AMZN,1900.819946,3962900
2019-05-03,AMZN,1962.459961,6381600
2019-05-06,AMZN,1950.550049,5417800
2019-05-07,AMZN,1921,5902100
2019-05-08,AMZN,1917.77002,4078600
2019-05-09,AMZN,1899.869995,5308300
2019-05-10,AMZN,1889.97998,5718000
2019-05-13,AMZN,1822.680054,5783400
2019-05-14,AMZN,1840.119995,4629100
2019-05-15,AMZN,1871.150024,4692600
2019-05-16,AMZN,1907.569946,4707800
2019-05-17,AMZN,1869,4736600
2019-05-20,AMZN,1858.969971,3798200
2019-05-21,AMZN,1857.52002,4005100
2019-05-22,AMZN,1859.680054,2936600
2019-05-23,AMZN,1815.47998,4424300
2019-05-24,AMZN,1823.280029,3369700
2019-05-28,AMZN,1836.430054,3200000
2019-05-29,AMZN,1819.189941,4279000
2019-05-30,AMZN,1816.319946,3146900
2019-05-31,AMZN,1775.069946,4618800
2019-06-03,AMZN,1692.689941,9098700
2019-06-04,AMZN,1729.560059,5679100
2019-06-05,AMZN,1738.5,4239800
2019-06-06,AMZN,1754.359985,3689300
2019-06-07,AMZN,1804.030029,4808200
2019-06-10,AMZN,1860.630005,5371000
2019-06-11,AMZN,1863.699951,4042700
2019-06-12,AMZN,1855.319946,2674500
2019-06-13,AMZN,1870.300049,2795800
2019-06-14,AMZN,1869.670044,2851200
2019-06-17,AMZN,1886.030029,2634300
2019-06-18,AMZN,1901.369995,3895700
2019-06-19,AMZN,1908.790039,2895300
2019-06-20,AMZN,1918.189941,3217200
2019-06-21,AMZN,1911.300049,3933600
2019-06-24,AMZN,1913.900024,2283000
2019-06-25,AMZN,1878.27002,3012300
2019-06-26,AMZN,1897.829956,2441900
2019-06-27,AMZN,1904.280029,2141700
2019-06-28,AMZN,1893.630005,3037400
2019-07-01,AMZN,1922.189941,3203300
2019-07-02,AMZN,1934.310059,2645900
2019-07-03,AMZN,1939,1690300
2019-07-05,AMZN,1942.910034,2628400
2019-07-08,AMZN,1952.319946,2883400
2019-07-09,AMZN,1988.300049,4345700
2019-07-10,AMZN,2017.410034,4931900
2019-07-11,AMZN,2001.069946,4317800
2019-07-12,AMZN,2011,2509300
2019-07-15,AMZN,2020.98999,2981300
2019-07-16,AMZN,2009.900024,2618200
2019-07-17,AMZN,1992.030029,2558800
2019-07-18,AMZN,1977.900024,3504300
2019-07-19,AMZN,1964.52002,3185600
2019-07-22,AMZN,1985.630005,2900000
2019-07-23,AMZN,1994.48999,2703500
2019-07-24,AMZN,2000.810059,2631300
2019-07-25,AMZN,1973.819946,4136500
2019-07-26,AMZN,1943.050049,4927100
2019-07-29,AMZN,1912.449951,4493200
2019-07-30,AMZN,1898.530029,2910900
2019-07-31,AMZN,1866.780029,4470700
2019-08-01,AMZN,1855.319946,4713300
2019-08-02,AMZN,1823.23999,4956200
2019-08-05,AMZN,1765.130005,6058200
2019-08-06,AMZN,1787.829956,5070300
2019-08-07,AMZN,1793.400024,4526900
2019-08-08,AMZN,1832.890015,3701200
2019-08-09,AMZN,1807.579956,2879800
2019-08-12,AMZN,1784.920044,2905500
2019-08-13,AMZN,1824.339966,3994000
2019-08-14,AMZN,1762.959961,4893600
2019-08-15,AMZN,1776.119995,3759100
2019-08-16,AMZN,1792.569946,3018000
2019-08-19,AMZN,1816.119995,2816300
2019-08-20,AMZN,1801.380005,1929500
2019-08-21,AMZN,1823.540039,2031800
2019-08-22,AMZN,1804.660034,2653500
2019-08-23,AMZN,1749.619995,5270800
2019-08-26,AMZN,1768.869995,3080000
2019-08-27,AMZN,1761.829956,3019700
2019-08-28,AMZN,1764.25,2419700
2019-08-29,AMZN,1786.400024,3015100
2019-08-30,AMZN,1776.290039,3058700
2019-09-03,AMZN,1789.839966,3543000
2019-09-04,AMZN,1800.619995,2324100
2019-09-05,AMZN,1840.719971,3310800
2019-09-06,AMZN,1833.51001,2496900
2019-09-09,AMZN,1831.349976,2999500
2019-09-10,AMZN,1820.550049,2613900
2019-09-11,AMZN,1822.98999,2432800
2019-09-12,AMZN,1843.550049,2823500
2019-09-13,AMZN,1839.339966,1971300
2019-09-16,AMZN,1807.839966,3675500
2019-09-17,AMZN,1822.550049,1982400
2019-09-18,AMZN,1817.459961,2505600
2019-09-19,AMZN,1821.5,2031500
2019-09-20,AMZN,1794.160034,5341900
2019-09-23,AMZN,1785.300049,2922300
2019-09-24,AMZN,1741.609985,4616000
2019-09-25,AMZN,1768.329956,3493200
2019-09-26,AMZN,1739.839966,3536800
2019-09-27,AMZN,1725.449951,3907200
2019-09-30,AMZN,1735.910034,2644700
2019-10-01,AMZN,1735.650024,3084500
2019-10-02,AMZN,1713.22998,3301100
2019-10-03,AMZN,1724.420044,3468200
2019-10-04,AMZN,1739.650024,2471900
2019-10-07,AMZN,1732.660034,2154700
2019-10-08,AMZN,1705.51001,2542000
2019-10-09,AMZN,1721.98999,2043500
2019-10-10,AMZN,1720.26001,2575200
2019-10-11,AMZN,1731.920044,3255000
2019-10-14,AMZN,1736.430054,1910200
2019-10-15,AMZN,1767.380005,3111700
2019-10-16,AMZN,1777.430054,2763400
2019-10-17,AMZN,1787.47998,2647400
2019-10-18,AMZN,1757.51001,3362500
2019-10-21,AMZN,1785.660034,2130400
2019-10-22,AMZN,1765.72998,2111700
2019-10-23,AMZN,1762.170044,2138200
2019-10-24,AMZN,1780.780029,4446100
2019-10-25,AMZN,1761.329956,9626400
2019-10-28,AMZN,1777.079956,3708900
2019-10-29,AMZN,1762.709961,2276900
2019-10-30,AMZN,1779.98999,2449400
2019-10-31,AMZN,1776.660034,2781200
2019-11-01,AMZN,1791.439941,2790400
2019-11-04,AMZN,1804.660034,2771900
2019-11-05,AMZN,1801.709961,1885500
2019-11-06,AMZN,1795.77002,2029800
2019-11-07,AMZN,1788.199951,2651100
2019-11-08,AMZN,1785.880005,2123300
2019-11-11,AMZN,1771.650024,1946000
2019-11-12,AMZN,1778,2037600
2019-11-13,AMZN,1753.109985,2989500
2019-11-14,AMZN,1754.599976,2264800
2019-11-15,AMZN,1739.48999,3927600
2019-11-18,AMZN,1752.530029,2839500
2019-11-19,AMZN,1752.790039,2270800
2019-11-20,AMZN,1745.530029,2790000
2019-11-21,AMZN,1734.709961,2662900
2019-11-22,AMZN,1745.719971,2479100
2019-11-25,AMZN,1773.839966,3486200
2019-11-26,AMZN,1796.939941,3181200
2019-11-27,AMZN,1818.51001,3025600
2019-11-29,AMZN,1800.800049,1923400
2019-12-02,AMZN,1781.599976,3925600
2019-12-03,AMZN,1769.959961,3380900
2019-12-04,AMZN,1760.689941,2670100
2019-12-05,AMZN,1740.47998,2823800
2019-12-06,AMZN,1751.599976,3117400
2019-12-09,AMZN,1749.51001,2442800
2019-12-10,AMZN,1739.209961,2514300
2019-12-11,AMZN,1748.719971,2097600
2019-12-12,AMZN,1760.329956,3095900
2019-12-13,AMZN,1760.939941,2745700
2019-12-16,AMZN,1769.209961,3145200
2019-12-17,AMZN,1790.660034,3644400
2019-12-18,AMZN,1784.030029,3351400
2019-12-19,AMZN,1792.280029,2652800
2019-12-20,AMZN,1786.5,5150800
2019-12-23,AMZN,1793,2136400
2019-12-24,AMZN,1789.209961,881300
2019-12-26,AMZN,1868.77002,6005400
2019-12-27,AMZN,1869.800049,6186600
2019-12-30,AMZN,1846.890015,3674700
2019-12-31,AMZN,1847.839966,2506500
2019-01-02,INTC,45.70895004,18774600
2019-01-03,INTC,43.19437408,32267300
2019-01-04,INTC,45.84486771,35447300
2019-01-07,INTC,46.05846024,22736800
2019-01-08,INTC,46.34972382,22749200
2019-01-09,INTC,46.61185837,22554500
2019-01-10,INTC,47.14584732,27202600
2019-01-11,INTC,47.50506973,21751300
2019-01-14,INTC,46.94195938,19193900
2019-01-15,INTC,47.18467712,22480800
2019-01-16,INTC,46.72836685,19057700
2019-01-17,INTC,47.05846405,17448700
2019-01-18,INTC,47.75749588,29874600
2019-01-22,INTC,46.86428833,25940700
2019-01-23,INTC,46.54389572,18960700
2019-01-24,INTC,48.31089401,50578300
2019-01-25,INTC,45.67011261,86455700
2019-01-28,INTC,45.34971237,35928700
2019-01-29,INTC,45.18466949,20988300
2019-01-30,INTC,46.15555191,26931700
2019-01-31,INTC,45.74777985,43051300
2019-02-01,INTC,47.31089401,37442900
2019-02-04,INTC,47.78662491,20905000
2019-02-05,INTC,48.55361938,31641600
2019-02-06,INTC,48.75390625,21647800
2019-02-07,INTC,48.09929276,27825900
2019-02-08,INTC,47.71825409,18851200
2019-02-11,INTC,47.6498642,18004100
2019-02-12,INTC,48.86138153,18050100
2019-02-13,INTC,49.31081772,17712800
2019-02-14,INTC,49.64300537,17545400
2019-02-15,INTC,50.47348022,22520400
2019-02-19,INTC,50.21945572,15611800
2019-02-20,INTC,50.20968628,21607700
2019-02-21,INTC,50.22922897,16162100
2019-02-22,INTC,51.28442383,31934100
2019-02-25,INTC,51.88041306,20711800
2019-02-26,INTC,52.00742722,16082200
2019-02-27,INTC,52.01719666,17590300
2019-02-28,INTC,51.74362183,18388800
2019-03-01,INTC,52.07581711,18359300
2019-03-04,INTC,52.70111465,21706100
2019-03-05,INTC,52.44709015,21057700
2019-03-06,INTC,51.7338562,14740500
2019-03-07,INTC,51.39189529,17803000
2019-03-08,INTC,51.27465057,16793900
2019-03-11,INTC,52.12466812,18963000
2019-03-12,INTC,52.33961487,20782100
2019-03-13,INTC,53.12123871,25522300
2019-03-14,INTC,52.21259689,26647100
2019-03-15,INTC,53.08215714,46512500
2019-03-18,INTC,52.85744095,16274000
2019-03-19,INTC,52.92583084,18274800
2019-03-20,INTC,52.58387375,24325300
2019-03-21,INTC,53.38504028,19127200
2019-03-22,INTC,52.03673553,21438400
2019-03-25,INTC,51.56776047,16971400
2019-03-26,INTC,52.21259689,17724300
2019-03-27,INTC,51.93903732,19656000
2019-03-28,INTC,51.8901825,13607900
2019-03-29,INTC,52.46663666,18736100
2019-04-01,INTC,53.25802231,17830400
2019-04-02,INTC,53.11147308,13704500
2019-04-03,INTC,54.20574951,24552800
2019-04-04,INTC,54.63563919,16520500
2019-04-05,INTC,54.32299042,19268400
2019-04-08,INTC,54.40115738,11758800
2019-04-09,INTC,54.04942322,13339700
2019-04-10,INTC,54.46954346,13084000
2019-04-11,INTC,54.51839828,10845800
2019-04-12,INTC,55.12415695,12910200
2019-04-15,INTC,54.98737335,11676900
2019-04-16,INTC,55.40749741,30301900
2019-04-17,INTC,57.21500397,38788400
2019-04-18,INTC,57.14661407,20464200
2019-04-22,INTC,57.46903229,12327500
2019-04-23,INTC,57.42995071,17739900
2019-04-24,INTC,57.37133026,17723700
2019-04-25,INTC,56.28682709,27949900
2019-04-26,INTC,51.22579956,72364500
2019-04-29,INTC,49.93611908,42142300
2019-04-30,INTC,49.86772537,27130900
2019-05-01,INTC,49.59415436,20467600
2019-05-02,INTC,49.38897705,22655400
2019-05-03,INTC,50.56141663,25656600
2019-05-06,INTC,50.35007095,26245200
2019-05-07,INTC,49.62263489,29713400
2019-05-08,INTC,48.40369797,36812400
2019-05-09,INTC,45.82819748,59642200
2019-05-10,INTC,45.41532898,42522800
2019-05-13,INTC,43.99978256,39091900
2019-05-14,INTC,44.40282059,24706500
2019-05-15,INTC,44.84518051,23407900
2019-05-16,INTC,44.75670624,19954700
2019-05-17,INTC,44.12757492,22500400
2019-05-20,INTC,42.82017136,28675000
2019-05-21,INTC,43.70487976,25543400
2019-05-22,INTC,43.25269699,16932500
2019-05-23,INTC,43.77369308,35783900
2019-05-24,INTC,43.81301498,27168100
2019-05-28,INTC,42.8299942,34779900
2019-05-29,INTC,43.47878647,28450300
2019-05-30,INTC,43.97029495,21618900
2019-05-31,INTC,43.29201508,25532500
2019-06-03,INTC,42.72186661,31155700
2019-06-04,INTC,44.0292778,28094900
2019-06-05,INTC,43.79335403,20802000
2019-06-06,INTC,44.33401489,19076200
2019-06-07,INTC,45.24821854,24370300
2019-06-10,INTC,46.00514221,20806100
2019-06-11,INTC,46.05429077,18415500
2019-06-12,INTC,45.53328705,15899100
2019-06-13,INTC,45.90683746,12267600
2019-06-14,INTC,45.4054985,15381100
2019-06-17,INTC,45.34652328,12643300
2019-06-18,INTC,46.56545639,25732300
2019-06-19,INTC,46.27055359,17436400
2019-06-20,INTC,46.38851166,20126800
2019-06-21,INTC,46.65392685,31096300
2019-06-24,INTC,46.82104492,14479900
2019-06-25,INTC,46.05429077,16665600
2019-06-26,INTC,47.37152863,21886300
2019-06-27,INTC,46.65392685,23062900
2019-06-28,INTC,47.05696487,26646200
2019-07-01,INTC,47.23390961,27505400
2019-07-02,INTC,47.3027153,15381600
2019-07-03,INTC,47.69592667,10739100
2019-07-05,INTC,47.26339722,14339200
2019-07-08,INTC,47.0078125,16564300
2019-07-09,INTC,46.93900299,17853200
2019-07-10,INTC,47.39118958,16032300
2019-07-11,INTC,47.77456665,16615100
2019-07-12,INTC,49.07214737,20148700
2019-07-15,INTC,49.26874924,14345100
2019-07-16,INTC,48.33488083,17131400
2019-07-17,INTC,48.55115128,11928600
2019-07-18,INTC,49.0918045,15679600
2019-07-19,INTC,49.41620255,29141100
2019-07-22,INTC,50.47786331,21688000
2019-07-23,INTC,50.87106705,18413500
2019-07-24,INTC,52.02119446,20896400
2019-07-25,INTC,51.27410507,27765400
2019-07-26,INTC,50.71378326,36401500
2019-07-29,INTC,51.61815643,21897500
2019-07-30,INTC,50.82191467,16487700
2019-07-31,INTC,49.6914444,24169800
2019-08-01,INTC,48.65927887,34020800
2019-08-02,INTC,47.85321045,27881600
2019-08-05,INTC,46.17224884,38936600
2019-08-06,INTC,46.47409439,26119600
2019-08-07,INTC,46.24647522,29440400
2019-08-08,INTC,46.68192291,30643700
2019-08-09,INTC,45.50423431,24975500
2019-08-12,INTC,45.1281662,18490300
2019-08-13,INTC,46.35533524,28959500
2019-08-14,INTC,45.3953743,25650200
2019-08-15,INTC,45.2271347,21896000
2019-08-16,INTC,46.01885605,22701800
2019-08-19,INTC,46.74129868,21403600
2019-08-20,INTC,46.11782074,23113300
2019-08-21,INTC,46.66213226,15915000
2019-08-22,INTC,46.29595947,19783000
2019-08-23,INTC,44.49479294,32814000
2019-08-26,INTC,45.0885849,22080500
2019-08-27,INTC,45.31620026,16925500
2019-08-28,INTC,45.31620026,14888800
2019-08-29,INTC,46.38502502,17803800
2019-08-30,INTC,46.91943741,16922600
2019-09-03,INTC,46.49388885,15003800
2019-09-04,INTC,48.41381073,23450700
2019-09-05,INTC,49.58160782,30014200
2019-09-06,INTC,50.39311981,17067900
2019-09-09,INTC,51.05618668,20749700
2019-09-10,INTC,51.28380966,18532000
2019-09-11,INTC,52.24377441,18968900
2019-09-12,INTC,52.46149445,23308700
2019-09-13,INTC,51.99636078,18010800
2019-09-16,INTC,51.65987778,13354600
2019-09-17,INTC,51.41246414,19641100
2019-09-18,INTC,51.20463943,14906800
2019-09-19,INTC,51.03639603,11428400
2019-09-20,INTC,50.19519043,37067900
2019-09-23,INTC,50.37332916,18916600
2019-09-24,INTC,49.30450058,28197400
2019-09-25,INTC,50.49208832,19486700
2019-09-26,INTC,50.39311981,11351800
2019-09-27,INTC,50.25457001,14845700
2019-09-30,INTC,50.9968071,13652100
2019-10-01,INTC,50.23477554,18413100
2019-10-02,INTC,48.87895203,20078700
2019-10-03,INTC,49.5123291,16320100
2019-10-04,INTC,50.39311981,12644900
2019-10-07,INTC,50.09622192,12081400
2019-10-08,INTC,49.21543503,17409100
2019-10-09,INTC,49.95767212,11834900
2019-10-10,INTC,50.58115768,13907900
2019-10-11,INTC,51.55101395,24072500
2019-10-14,INTC,51.10567093,15016800
2019-10-15,INTC,52.10522461,18878100
2019-10-16,INTC,51.90729141,14769300
2019-10-17,INTC,51.32339859,16533900
2019-10-18,INTC,50.82857132,16974100
2019-10-21,INTC,51.59060287,12189000
2019-10-22,INTC,51.4718399,13114300
2019-10-23,INTC,51.18484497,15887500
2019-10-24,INTC,51.68956375,23413000
2019-10-25,INTC,55.87579727,59767700
2019-10-28,INTC,56.17269135,32307500
2019-10-29,INTC,55.75703812,18155800
2019-10-30,INTC,56.01434708,15248000
2019-10-31,INTC,55.94507217,19249700
2019-11-01,INTC,55.92527771,17953500
2019-11-04,INTC,57.01390076,19068000
2019-11-05,INTC,56.95451736,20865400
2019-11-06,INTC,57.31772995,17721000
2019-11-07,INTC,57.76552582,16962800
2019-11-08,INTC,57.98444748,11888900
2019-11-11,INTC,58.06405258,11228900
2019-11-12,INTC,57.91479111,11952500
2019-11-13,INTC,57.60630798,15332700
2019-11-14,INTC,57.52670288,12119000
2019-11-15,INTC,57.67596436,16112100
2019-11-18,INTC,57.9645462,16097500
2019-11-19,INTC,58.06405258,17061900
2019-11-20,INTC,57.61626053,18542300
2019-11-21,INTC,57.93469238,16139000
2019-11-22,INTC,57.3276825,15690200
2019-11-25,INTC,58.52180099,15011700
2019-11-26,INTC,58.61136246,22338700
2019-11-27,INTC,58.22327042,18184200
2019-11-29,INTC,57.76552582,9481100
2019-12-02,INTC,57.37743759,19154500
2019-12-03,INTC,55.79522705,25737400
2019-12-04,INTC,55.74547195,18881400
2019-12-05,INTC,55.8051796,17673700
2019-12-06,INTC,56.53160477,16476800
2019-12-09,INTC,56.25297165,14298600
2019-12-10,INTC,56.31267929,16157900
2019-12-11,INTC,56.79032898,20051100
2019-12-12,INTC,57.26797485,27883300
2019-12-13,INTC,57.50680161,22795200
2019-12-16,INTC,57.41724014,19131200
2019-12-17,INTC,57.01919937,21653100
2019-12-18,INTC,56.88983536,28261000
2019-12-19,INTC,57.67596436,18865100
2019-12-20,INTC,58.66111374,49953000
2019-12-23,INTC,58.93974304,23593000
2019-12-24,INTC,59.11886215,6313200
2019-12-26,INTC,59.52685165,11480300
2019-12-27,INTC,59.78557968,14085800
2019-12-30,INTC,59.32783127,12750500
2019-12-31,INTC,59.55670166,14432900
2019-01-02,CSCO,41.46505737,23833500
2019-01-03,CSCO,39.95706177,29606700
2019-01-04,CSCO,41.75692368,27515000
2019-01-07,CSCO,42.0390625,19488100
2019-01-08,CSCO,42.37958527,22071400
2019-01-09,CSCO,42.14608765,22640000
2019-01-10,CSCO,42.06826019,23277600
2019-01-11,CSCO,42.31148148,17378400
2019-01-14,CSCO,42.0390625,16243600
2019-01-15,CSCO,42.82711792,17744100
2019-01-16,CSCO,42.76874161,17262500
2019-01-17,CSCO,43.01196671,18826200
2019-01-18,CSCO,43.80974579,24416500
2019-01-22,CSCO,43.56652069,21338400
2019-01-23,CSCO,44.22809219,24770400
2019-01-24,CSCO,44.37403488,17360600
2019-01-25,CSCO,44.87994003,24196600
2019-01-28,CSCO,44.51023865,18296700
2019-01-29,CSCO,44.7145462,14470100
2019-01-30,CSCO,45.4442215,18329300
2019-01-31,CSCO,46.00850677,23693600
2019-02-01,CSCO,46.05715179,16266500
2019-02-04,CSCO,46.06687546,15743100
2019-02-05,CSCO,45.97931671,16946300
2019-02-06,CSCO,46.19335938,18160500
2019-02-07,CSCO,45.43449783,20331200
2019-02-08,CSCO,45.91121292,18407100
2019-02-11,CSCO,46.29064941,19363600
2019-02-12,CSCO,46.59224701,23909200
2019-02-13,CSCO,46.21281815,28325600
2019-02-14,CSCO,47.08842468,47598600
2019-02-15,CSCO,48.09051514,30189600
2019-02-19,CSCO,48.30455399,20204500
2019-02-20,CSCO,48.28509521,17550900
2019-02-21,CSCO,48.07105637,17120600
2019-02-22,CSCO,48.75209045,22008100
2019-02-25,CSCO,49.41366196,24264300
2019-02-26,CSCO,49.79309082,19382500
2019-02-27,CSCO,50.19197845,19940900
2019-02-28,CSCO,50.36710739,30708500
2019-03-01,CSCO,50.01686096,23683700
2019-03-04,CSCO,49.77363586,18725900
2019-03-05,CSCO,49.90983963,14994200
2019-03-06,CSCO,50.26980972,19686900
2019-03-07,CSCO,49.90011215,22209200
2019-03-08,CSCO,49.6860733,18182200
2019-03-11,CSCO,50.51303864,17859300
2019-03-12,CSCO,50.73680878,19485300
2019-03-13,CSCO,51.16488647,20568000
2019-03-14,CSCO,51.31081772,19215900
2019-03-15,CSCO,51.758358,43670700
2019-03-18,CSCO,52.05995178,19073800
2019-03-19,CSCO,51.8653717,20596400
2019-03-20,CSCO,51.81672287,21140800
2019-03-21,CSCO,52.47829819,20082700
2019-03-22,CSCO,51.31081772,23938500
2019-03-25,CSCO,51.30109024,18774900
2019-03-26,CSCO,51.78754044,17742700
2019-03-27,CSCO,51.69998169,20447500
2019-03-28,CSCO,51.91401672,13095000
2019-03-29,CSCO,52.52694702,19582300
2019-04-01,CSCO,53.49011612,19741700
2019-04-02,CSCO,53.79171753,17264000
2019-04-03,CSCO,54.12250519,21110400
2019-04-04,CSCO,53.98543549,16412100
2019-04-05,CSCO,54.05397034,13817500
2019-04-08,CSCO,54.32810593,13862800
2019-04-09,CSCO,54.02459717,15508400
2019-04-10,CSCO,54.65119553,13460200
2019-04-11,CSCO,54.43579865,13186000
2019-04-12,CSCO,55.11135483,14331700
2019-04-15,CSCO,55.3757019,12198400
2019-04-16,CSCO,55.75753403,19718300
2019-04-17,CSCO,55.13093948,26093600
2019-04-18,CSCO,55.21905136,18332000
2019-04-22,CSCO,55.16030884,11951500
2019-04-23,CSCO,55.50298309,18796600
2019-04-24,CSCO,55.68899918,13212000
2019-04-25,CSCO,55.15051651,15526900
2019-04-26,CSCO,54.70994186,18010900
2019-04-29,CSCO,54.95470428,16259500
2019-04-30,CSCO,54.77847672,20846000
2019-05-01,CSCO,54.41622162,17648500
2019-05-02,CSCO,53.78962326,24220600
2019-05-03,CSCO,53.78962326,26887100
2019-05-06,CSCO,53.44695282,17025900
2019-05-07,CSCO,52.33082199,25289700
2019-05-08,CSCO,52.35040283,21525100
2019-05-09,CSCO,51.81191635,24322800
2019-05-10,CSCO,52.2427063,21795900
2019-05-13,CSCO,50.22583771,28869900
2019-05-14,CSCO,50.93076324,25478300
2019-05-15,CSCO,51.34196854,30577200
2019-05-16,CSCO,54.75889587,46057800
2019-05-17,CSCO,55.17009354,27299300
2019-05-20,CSCO,54.83721542,21004100
2019-05-21,CSCO,55.33654022,18562300
2019-05-22,CSCO,54.52392197,19479200
2019-05-23,CSCO,53.05532455,22734200
2019-05-24,CSCO,53.23155975,13057600
2019-05-28,CSCO,52.80076981,29769200
2019-05-29,CSCO,52.06647491,19762100
2019-05-30,CSCO,52.44830704,12954300
2019-05-31,CSCO,50.94055176,20480400
2019-06-03,CSCO,50.69578552,22380500
2019-06-04,CSCO,52.11542892,21689300
2019-06-05,CSCO,53.60359955,22521900
2019-06-06,CSCO,53.94626999,15927300
2019-06-07,CSCO,54.75889587,17394900
2019-06-10,CSCO,55.23862839,16871000
2019-06-11,CSCO,55.91418457,26723700
2019-06-12,CSCO,54.69036102,23168000
2019-06-13,CSCO,54.99386597,15785300
2019-06-14,CSCO,53.60359955,22530500
2019-06-17,CSCO,54.23999405,20392600
2019-06-18,CSCO,54.87638092,21173200
2019-06-19,CSCO,54.95470428,21096300
2019-06-20,CSCO,56.20790482,20969800
2019-06-21,CSCO,55.83586121,57588800
2019-06-24,CSCO,55.98271942,17794100
2019-06-25,CSCO,54.90575409,25520600
2019-06-26,CSCO,55.41486359,19286100
2019-06-27,CSCO,54.56307983,23959900
2019-06-28,CSCO,53.58402252,103123400
2019-07-01,CSCO,53.59381104,28484000
2019-07-02,CSCO,54.64140701,20307100
2019-07-03,CSCO,55.64635086,13866800
2019-07-05,CSCO,55.76457977,14273900
2019-07-08,CSCO,55.36063004,15835100
2019-07-09,CSCO,55.50841904,19564000
2019-07-10,CSCO,56.28675842,19362600
2019-07-11,CSCO,56.45425034,15994600
2019-07-12,CSCO,57.09465408,13660400
2019-07-15,CSCO,57.19318008,8809700
2019-07-16,CSCO,56.76952362,11501100
2019-07-17,CSCO,56.36557388,9266900
2019-07-18,CSCO,56.88775635,10292900
2019-07-19,CSCO,56.5133667,13882400
2019-07-22,CSCO,56.87790298,10485600
2019-07-23,CSCO,56.85819626,12692200
2019-07-24,CSCO,56.38528061,18177000
2019-07-25,CSCO,55.7842865,15127200
2019-07-26,CSCO,55.69561386,15243000
2019-07-29,CSCO,56.08971024,12051100
2019-07-30,CSCO,55.6364975,9623400
2019-07-31,CSCO,54.58229446,17441200
2019-08-01,CSCO,54.5724411,19020600
2019-08-02,CSCO,52.4640274,29021900
2019-08-05,CSCO,50.61177444,29931800
2019-08-06,CSCO,51.82361984,20708400
2019-08-07,CSCO,51.56745911,24128600
2019-08-08,CSCO,52.37535477,26093500
2019-08-09,CSCO,51.65613174,17425000
2019-08-12,CSCO,50.77926636,16388300
2019-08-13,CSCO,51.94184875,21499500
2019-08-14,CSCO,49.86299515,28688100
2019-08-15,CSCO,45.56734848,61129100
2019-08-16,CSCO,46.26686859,24471800
2019-08-19,CSCO,47.78413773,26384800
2019-08-20,CSCO,47.22254944,18201600
2019-08-21,CSCO,48.05015182,18365400
2019-08-22,CSCO,47.46886444,21515100
2019-08-23,CSCO,45.9220314,25871100
2019-08-26,CSCO,46.40480042,14820100
2019-08-27,CSCO,46.09938049,20859000
2019-08-28,CSCO,46.17819595,11187600
2019-08-29,CSCO,46.57229233,14733400
2019-08-30,CSCO,46.1190834,19248400
2019-09-03,CSCO,45.81365585,17009400
2019-09-04,CSCO,46.62155151,13691300
2019-09-05,CSCO,47.70531845,18434200
2019-09-06,CSCO,48.11911774,17939100
2019-09-09,CSCO,47.862957,21175100
2019-09-10,CSCO,48.48365784,16119200
2019-09-11,CSCO,49.2915535,18656000
2019-09-12,CSCO,49.19303131,16546700
2019-09-13,CSCO,49.2915535,15867800
2019-09-16,CSCO,49.22258759,13025600
2019-09-17,CSCO,48.68070602,16070600
2019-09-18,CSCO,48.61174011,12563800
2019-09-19,CSCO,48.46395111,15349400
2019-09-20,CSCO,48.86789703,48301300
2019-09-23,CSCO,48.69055557,16450000
2019-09-24,CSCO,48.3949852,26717200
2019-09-25,CSCO,48.87775421,14013500
2019-09-26,CSCO,48.10926819,20172900
2019-09-27,CSCO,48.11911774,16065300
2019-09-30,CSCO,48.68070602,14903600
2019-10-01,CSCO,47.03535843,24185600
2019-10-02,CSCO,45.87277222,30722400
2019-10-03,CSCO,46.71656799,15915500
2019-10-04,CSCO,47.17321014,16718800
2019-10-07,CSCO,47.42138672,14625200
2019-10-08,CSCO,46.05145645,23022400
2019-10-09,CSCO,46.49817276,16768600
2019-10-10,CSCO,45.81320953,24698500
2019-10-11,CSCO,46.22021866,25153600
2019-10-14,CSCO,45.71393585,15076900
2019-10-15,CSCO,46.02167511,18794400
2019-10-16,CSCO,46.44853973,16454200
2019-10-17,CSCO,46.68678665,14352400
2019-10-18,CSCO,46.36912155,17226200
2019-10-21,CSCO,47.04415894,13277700
2019-10-22,CSCO,47.20299149,15067100
2019-10-23,CSCO,46.70663834,15647100
2019-10-24,CSCO,46.07131195,18338800
2019-10-25,CSCO,46.55773544,15701200
2019-10-28,CSCO,46.8257637,13859700
2019-10-29,CSCO,46.89525604,13713900
2019-10-30,CSCO,47.21292114,12062000
2019-10-31,CSCO,47.16328049,12488300
2019-11-01,CSCO,46.68678665,24404100
2019-11-04,CSCO,47.13350296,15018900
2019-11-05,CSCO,47.41145706,18988900
2019-11-06,CSCO,47.91773605,15904500
2019-11-07,CSCO,48.06664276,16717800
2019-11-08,CSCO,48.47365189,14407000
2019-11-11,CSCO,47.74897766,19590400
2019-11-12,CSCO,48.01700592,15632900
2019-11-13,CSCO,48.10634995,25187000
2019-11-14,CSCO,44.58225632,65568900
2019-11-15,CSCO,44.76094437,32385000
2019-11-18,CSCO,44.82050705,22742800
2019-11-19,CSCO,45.13817215,19612600
2019-11-20,CSCO,44.75101852,18660800
2019-11-21,CSCO,44.51276779,19868800
2019-11-22,CSCO,44.52269363,18725700
2019-11-25,CSCO,45.11831665,19653300
2019-11-26,CSCO,44.9793396,29422000
2019-11-27,CSCO,44.90985107,14889900
2019-11-29,CSCO,44.9793396,9808900
2019-12-02,CSCO,44.37379074,17630100
2019-12-03,CSCO,43.95685577,19625500
2019-12-04,CSCO,43.56970215,17202200
2019-12-05,CSCO,43.20240402,22632800
2019-12-06,CSCO,43.52006531,16541000
2019-12-09,CSCO,43.57963181,17508500
2019-12-10,CSCO,43.77816772,21862400
2019-12-11,CSCO,43.95685577,16440500
2019-12-12,CSCO,45.33670807,27061600
2019-12-13,CSCO,44.96940994,21796900
2019-12-16,CSCO,45.64444733,21871300
2019-12-17,CSCO,46.10108948,22510000
2019-12-18,CSCO,46.29963303,21921200
2019-12-19,CSCO,47.53058624,30764700
2019-12-20,CSCO,47.10372162,52575300
2019-12-23,CSCO,47.74897766,20253500
2019-12-24,CSCO,47.43131256,7044700
2019-12-26,CSCO,47.50080109,11091700
2019-12-27,CSCO,47.42138672,11056800
2019-12-30,CSCO,47.24269867,12128600
2019-12-31,CSCO,47.61000061,14892600
2019-01-02,GOOG,1045.849976,1532600
2019-01-03,GOOG,1016.059998,1841100
2019-01-04,GOOG,1070.709961,2093900
2019-01-07,GOOG,1068.390015,1981900
2019-01-08,GOOG,1076.280029,1764900
2019-01-09,GOOG,1074.660034,1199300
2019-01-10,GOOG,1070.329956,1456400
2019-01-11,GOOG,1057.189941,1520800
2019-01-14,GOOG,1044.689941,1144300
2019-01-15,GOOG,1077.150024,1463600
2019-01-16,GOOG,1080.969971,1331800
2019-01-17,GOOG,1089.900024,1242700
2019-01-18,GOOG,1098.26001,1955600
2019-01-22,GOOG,1070.52002,1613500
2019-01-23,GOOG,1075.569946,967000
2019-01-24,GOOG,1073.900024,1361300
2019-01-25,GOOG,1090.98999,1119100
2019-01-28,GOOG,1070.079956,1284300
2019-01-29,GOOG,1060.619995,1021800
2019-01-30,GOOG,1089.060059,1279800
2019-01-31,GOOG,1116.369995,1538300
2019-02-01,GOOG,1110.75,1462200
2019-02-04,GOOG,1132.800049,2576500
2019-02-05,GOOG,1145.98999,3552200
2019-02-06,GOOG,1115.22998,2105600
2019-02-07,GOOG,1098.709961,2044800
2019-02-08,GOOG,1095.060059,1075800
2019-02-11,GOOG,1095.01001,1065200
2019-02-12,GOOG,1121.369995,1609100
2019-02-13,GOOG,1120.160034,1049800
2019-02-14,GOOG,1121.670044,947600
2019-02-15,GOOG,1113.650024,1449800
2019-02-19,GOOG,1118.560059,1046400
2019-02-20,GOOG,1113.800049,1087800
2019-02-21,GOOG,1096.969971,1415100
2019-02-22,GOOG,1110.369995,1049500
2019-02-25,GOOG,1109.400024,1413100
2019-02-26,GOOG,1115.130005,1471300
2019-02-27,GOOG,1116.050049,968400
2019-02-28,GOOG,1119.920044,1542500
2019-03-01,GOOG,1140.98999,1450300
2019-03-04,GOOG,1147.800049,1446000
2019-03-05,GOOG,1162.030029,1443200
2019-03-06,GOOG,1157.859985,1099300
2019-03-07,GOOG,1143.300049,1166600
2019-03-08,GOOG,1142.319946,1212400
2019-03-11,GOOG,1175.76001,1719200
2019-03-12,GOOG,1193.199951,2013100
2019-03-13,GOOG,1193.319946,1435900
2019-03-14,GOOG,1185.550049,1172800
2019-03-15,GOOG,1184.459961,2461800
2019-03-18,GOOG,1184.26001,1292600
2019-03-19,GOOG,1198.849976,1520700
2019-03-20,GOOG,1223.969971,2227400
2019-03-21,GOOG,1231.540039,1204000
2019-03-22,GOOG,1205.5,1714200
2019-03-25,GOOG,1193,1496800
2019-03-26,GOOG,1184.619995,1901200
2019-03-27,GOOG,1173.02002,1400200
2019-03-28,GOOG,1168.48999,1012400
2019-03-29,GOOG,1173.310059,1269900
2019-04-01,GOOG,1194.430054,1252500
2019-04-02,GOOG,1200.48999,827900
2019-04-03,GOOG,1205.920044,1017800
2019-04-04,GOOG,1215,950000
2019-04-05,GOOG,1207.150024,907200
2019-04-08,GOOG,1203.839966,860200
2019-04-09,GOOG,1197.25,876400
2019-04-10,GOOG,1202.160034,724600
2019-04-11,GOOG,1204.619995,710200
2019-04-12,GOOG,1217.869995,933400
2019-04-15,GOOG,1221.099976,1187400
2019-04-16,GOOG,1227.130005,856300
2019-04-17,GOOG,1236.339966,1221900
2019-04-18,GOOG,1236.369995,1331800
2019-04-22,GOOG,1248.839966,807300
2019-04-23,GOOG,1264.550049,1319900
2019-04-24,GOOG,1256,1018800
2019-04-25,GOOG,1263.449951,1107300
2019-04-26,GOOG,1272.180054,1241400
2019-04-29,GOOG,1287.579956,2499400
2019-04-30,GOOG,1188.47998,6207000
2019-05-01,GOOG,1168.079956,2639200
2019-05-02,GOOG,1162.609985,1944800
2019-05-03,GOOG,1185.400024,1980700
2019-05-06,GOOG,1189.390015,1563900
2019-05-07,GOOG,1174.099976,1551400
2019-05-08,GOOG,1166.27002,1309300
2019-05-09,GOOG,1162.380005,1185700
2019-05-10,GOOG,1164.27002,1314500
2019-05-13,GOOG,1132.030029,1860600
2019-05-14,GOOG,1120.439941,1836600
2019-05-15,GOOG,1164.209961,2289300
2019-05-16,GOOG,1178.97998,1531400
2019-05-17,GOOG,1162.300049,1208600
2019-05-20,GOOG,1138.849976,1353300
2019-05-21,GOOG,1149.630005,1159800
2019-05-22,GOOG,1151.420044,914500
2019-05-23,GOOG,1140.77002,1198900
2019-05-24,GOOG,1133.469971,1112000
2019-05-28,GOOG,1134.150024,1365000
2019-05-29,GOOG,1116.459961,1538200
2019-05-30,GOOG,1117.949951,951900
2019-05-31,GOOG,1103.630005,1507800
2019-06-03,GOOG,1036.22998,5130600
2019-06-04,GOOG,1053.050049,2833500
2019-06-05,GOOG,1042.219971,2168400
2019-06-06,GOOG,1044.339966,1703200
2019-06-07,GOOG,1066.040039,1802400
2019-06-10,GOOG,1080.380005,1464200
2019-06-11,GOOG,1078.719971,1436700
2019-06-12,GOOG,1077.030029,1061000
2019-06-13,GOOG,1088.77002,1057700
2019-06-14,GOOG,1085.349976,1111500
2019-06-17,GOOG,1092.5,941600
2019-06-18,GOOG,1103.599976,1386700
2019-06-19,GOOG,1102.329956,1338800
2019-06-20,GOOG,1111.420044,1262000
2019-06-21,GOOG,1121.880005,1947600
2019-06-24,GOOG,1115.52002,1395600
2019-06-25,GOOG,1086.349976,1546900
2019-06-26,GOOG,1079.800049,1810900
2019-06-27,GOOG,1076.01001,1004300
2019-06-28,GOOG,1080.910034,1693200
2019-07-01,GOOG,1097.949951,1436300
2019-07-02,GOOG,1111.25,991600
2019-07-03,GOOG,1121.579956,767000
2019-07-05,GOOG,1131.589966,1264300
2019-07-08,GOOG,1116.349976,1236400
2019-07-09,GOOG,1124.829956,1330400
2019-07-10,GOOG,1140.47998,1209500
2019-07-11,GOOG,1144.209961,1195500
2019-07-12,GOOG,1144.900024,864000
2019-07-15,GOOG,1150.339966,903800
2019-07-16,GOOG,1153.579956,1238800
2019-07-17,GOOG,1146.349976,1170000
2019-07-18,GOOG,1146.329956,1291300
2019-07-19,GOOG,1130.099976,1647200
2019-07-22,GOOG,1138.069946,1301500
2019-07-23,GOOG,1146.209961,1093700
2019-07-24,GOOG,1137.810059,1589800
2019-07-25,GOOG,1132.119995,2209800
2019-07-26,GOOG,1250.410034,4805800
2019-07-29,GOOG,1239.410034,2223700
2019-07-30,GOOG,1225.140015,1453300
2019-07-31,GOOG,1216.680054,1725500
2019-08-01,GOOG,1209.01001,1698500
2019-08-02,GOOG,1193.98999,1645100
2019-08-05,GOOG,1152.319946,2597500
2019-08-06,GOOG,1169.949951,1709400
2019-08-07,GOOG,1173.98999,1444300
2019-08-08,GOOG,1204.800049,1468000
2019-08-09,GOOG,1188.01001,1065700
2019-08-12,GOOG,1174.709961,1003000
2019-08-13,GOOG,1197.27002,1294400
2019-08-14,GOOG,1164.290039,1578700
2019-08-15,GOOG,1167.26001,1218700
2019-08-16,GOOG,1177.599976,1313300
2019-08-19,GOOG,1198.449951,1231600
2019-08-20,GOOG,1182.689941,915500
2019-08-21,GOOG,1191.25,740700
2019-08-22,GOOG,1189.530029,947500
2019-08-23,GOOG,1151.290039,1687000
2019-08-26,GOOG,1168.890015,1226100
2019-08-27,GOOG,1167.839966,1077200
2019-08-28,GOOG,1171.02002,802000
2019-08-29,GOOG,1192.849976,1088400
2019-08-30,GOOG,1188.099976,1129800
2019-09-03,GOOG,1168.390015,1479900
2019-09-04,GOOG,1181.410034,1068900
2019-09-05,GOOG,1211.380005,1408100
2019-09-06,GOOG,1204.930054,1072100
2019-09-09,GOOG,1204.410034,1471900
2019-09-10,GOOG,1206,1260100
2019-09-11,GOOG,1220.170044,1307000
2019-09-12,GOOG,1234.25,1725900
2019-09-13,GOOG,1239.560059,1301400
2019-09-16,GOOG,1231.300049,1053300
2019-09-17,GOOG,1229.150024,955100
2019-09-18,GOOG,1232.410034,1135100
2019-09-19,GOOG,1238.709961,996000
2019-09-20,GOOG,1229.930054,2270000
2019-09-23,GOOG,1234.030029,1062400
2019-09-24,GOOG,1218.76001,1583200
2019-09-25,GOOG,1246.52002,1453000
2019-09-26,GOOG,1241.390015,1538000
2019-09-27,GOOG,1225.089966,1353900
2019-09-30,GOOG,1219,1404100
2019-10-01,GOOG,1205.099976,1273500
2019-10-02,GOOG,1176.630005,1615100
2019-10-03,GOOG,1187.829956,1621200
2019-10-04,GOOG,1209,1162400
2019-10-07,GOOG,1207.680054,842900
2019-10-08,GOOG,1189.130005,1039300
2019-10-09,GOOG,1202.310059,867700
2019-10-10,GOOG,1208.670044,846600
2019-10-11,GOOG,1215.449951,1272700
2019-10-14,GOOG,1217.140015,867500
2019-10-15,GOOG,1243.01001,1381700
2019-10-16,GOOG,1243.640015,1094600
2019-10-17,GOOG,1253.069946,952400
2019-10-18,GOOG,1245.48999,1352800
2019-10-21,GOOG,1246.150024,1027200
2019-10-22,GOOG,1242.800049,1023800
2019-10-23,GOOG,1259.130005,911500
2019-10-24,GOOG,1260.98999,1028100
2019-10-25,GOOG,1265.130005,1213100
2019-10-28,GOOG,1290,2613200
2019-10-29,GOOG,1262.619995,1886400
2019-10-30,GOOG,1261.290039,1408900
2019-10-31,GOOG,1260.109985,1455700
2019-11-01,GOOG,1273.73999,1670100
2019-11-04,GOOG,1291.369995,1501000
2019-11-05,GOOG,1292.030029,1282700
2019-11-06,GOOG,1291.800049,1152700
2019-11-07,GOOG,1308.859985,2030000
2019-11-08,GOOG,1311.369995,1251400
2019-11-11,GOOG,1299.189941,1011900
2019-11-12,GOOG,1298.800049,1085900
2019-11-13,GOOG,1298,826700
2019-11-14,GOOG,1311.459961,1193500
2019-11-15,GOOG,1334.869995,1782600
2019-11-18,GOOG,1320.699951,1487400
2019-11-19,GOOG,1315.459961,1269200
2019-11-20,GOOG,1303.050049,1308600
2019-11-21,GOOG,1301.349976,995500
2019-11-22,GOOG,1295.339966,1385700
2019-11-25,GOOG,1306.689941,1036200
2019-11-26,GOOG,1313.550049,1069700
2019-11-27,GOOG,1312.98999,995600
2019-11-29,GOOG,1304.959961,587000
2019-12-02,GOOG,1289.920044,1510900
2019-12-03,GOOG,1295.280029,1143800
2019-12-04,GOOG,1320.540039,1537500
2019-12-05,GOOG,1328.130005,1212700
2019-12-06,GOOG,1340.619995,1314800
2019-12-09,GOOG,1343.560059,1354300
2019-12-10,GOOG,1344.660034,1094100
2019-12-11,GOOG,1345.02002,850400
2019-12-12,GOOG,1350.27002,1281000
2019-12-13,GOOG,1347.829956,1549600
2019-12-16,GOOG,1361.170044,1397300
2019-12-17,GOOG,1355.119995,1854000
2019-12-18,GOOG,1352.619995,1522600
2019-12-19,GOOG,1356.040039,1469900
2019-12-20,GOOG,1349.589966,3315000
2019-12-23,GOOG,1348.839966,883100
2019-12-24,GOOG,1343.560059,347500
2019-12-26,GOOG,1360.400024,667500
2019-12-27,GOOG,1351.890015,1038400
2019-12-30,GOOG,1336.140015,1050900
2019-12-31,GOOG,1337.02002,961800
